	photo number	hour	min	AM/PM
0	00001.png	 1	19	PM
1	00019.png	 	 	 
2	00037.png	 1	21	PM
3	00055.png	 1	22	PM
4	00073.png	 1	23	PM
5	00091.png	 1	24	PM
6	00109.png	 1	25	PM
7	00127.png	 	 	 
8	00163.png	 1	27	PM
9	00181.png	 1	28	PM
10	00199.png	 1	29	PM
11	00217.png	 1	30	PM
12	00235.png	 1	31	PM
13	00253.png	 1	31	PM
14	00271.png	 1	32	PM
15	00289.png	 1	33	PM
16	00307.png	 1	34	PM
17	00325.png	 1	35	PM
18	00343.png	 1	36	PM
19	00361.png	 1	37	PM
20	00379.png	 1	38	PM
21	00397.png	 1	38	PM
22	00415.png	 1	39	PM
23	00433.png	 1	40	PM
24	00451.png	 1	41	PM
25	00469.png	 1	41	PM
26	00487.png	 1	42	PM
27	00505.png	 1	42	PM
28	00523.png	 1	43	PM
29	00541.png	 1	44	PM
30	00559.png	 	 	 
31	00577.png	 1	45	PM
32	00595.png	 	 	 
33	00613.png	 1	46	PM
34	00631.png	 	 	 
35	00649.png	 1	47	PM
36	00667.png	 1	48	PM
37	00685.png	 1	49	PM
38	00703.png	 1	50	PM
39	00721.png	 	 	 
40	00739.png	 1	51	PM
41	00757.png	 1	52	PM
42	00775.png	 1	53	PM
43	00793.png	 1	53	PM
44	00811.png	 	 	 
45	00829.png	 	 	 
46	00847.png	 1	55	PM
47	00865.png	 	 	 
48	00883.png	 	 	 
49	00901.png	 1	57	PM
50	00919.png	 1	58	PM
51	00937.png	 1	59	PM
52	00955.png	 1	59	PM
53	00991.png	 2	00	PM
54	01009.png	 2	01	PM
55	01027.png	 2	01	PM
56	01045.png	 2	02	PM
57	01063.png	 2	03	PM
58	01081.png	 	 	 
59	01099.png	 2	04	PM
60	01117.png	 	 	 
61	01135.png	 	 	 
62	01153.png	 2	06	PM
63	01171.png	 2	07	PM
64	01189.png	 2	07	PM
65	01207.png	 2	07	PM
66	01225.png	 	 	 
67	01243.png	 2	08	PM
68	01261.png	 2	08	PM
69	01279.png	 2	09	PM
70	01297.png	 	 	 
71	01315.png	 	 	 
72	01333.png	 2	10	PM
73	01351.png	 	 	 
74	01369.png	 	 	 
75	01387.png	 2	12	PM
76	01405.png	 2	13	PM
77	01423.png	 2	14	PM
78	01441.png	 2	15	PM
79	01459.png	 	 	 
80	01477.png	 2	16	PM
81	01495.png	 	 	 
82	01513.png	 	 	 
83	01531.png	 2	18	PM
84	01549.png	 2	19	PM
85	01567.png	 2	19	PM
86	01585.png	 2	20	PM
87	01603.png	 2	20	PM
88	01621.png	 2	21	PM
89	01639.png	 	 	 
90	01657.png	 2	22	PM
91	01675.png	 2	23	PM
92	01693.png	 2	23	PM
93	01711.png	 2	24	PM
94	01729.png	 	 	 
95	01783.png	 2	28	PM
96	01801.png	 	 	 
97	01819.png	 2	29	PM
98	01837.png	 2	30	PM
99	01855.png	 	 	 
100	01873.png	 	 	 
101	01891.png	 2	33	PM
102	01909.png	 2	34	PM
103	01927.png	 2	35	PM
104	01945.png	 	 	 
105	01963.png	 2	36	PM
106	01981.png	 2	36	PM
107	01999.png	 2	36	PM
108	02017.png	 2	37	PM
109	02035.png	 	 	 
110	02053.png	 2	38	PM
111	02071.png	 2	39	PM
112	02089.png	 2	40	PM
113	02107.png	 	 	 
114	02125.png	 	 	 
115	02161.png	 	 	 
116	02179.png	 2	43	PM
117	02197.png	 2	44	PM
118	02215.png	 	 	 
119	02251.png	 	 	 
120	02269.png	 	 	 
121	02287.png	 	 	 
122	02305.png	 2	47	PM
123	02323.png	 2	47	PM
124	02341.png	 2	48	PM
125	02359.png	 2	49	PM
126	02377.png	 	 	 
127	02395.png	 2	50	PM
128	02413.png	 	 	 
129	02431.png	 	 	 
130	02449.png	 	 	 
131	02467.png	 	 	 
132	02503.png	 	 	 
133	02521.png	 	 	 
134	02539.png	 	 	 
135	02557.png	 2	56	PM
136	02575.png	 2	56	PM
137	02593.png	 	 	 
138	02611.png	 2	57	PM
139	02629.png	 	 	 
140	02647.png	 2	59	PM
141	02683.png	 3	01	PM
142	02701.png	 3	02	PM
143	02719.png	 3	03	PM
144	02737.png	 3	03	PM
145	02755.png	 3	04	PM
146	02773.png	 3	05	PM
147	02791.png	 3	06	PM
148	02809.png	 3	07	PM
149	02827.png	 3	08	PM
150	02845.png	 3	09	PM
151	02863.png	 3	09	PM
152	02881.png	 3	10	PM
153	02899.png	 	 	 
154	02917.png	 3	12	PM
155	02935.png	 	 	 
156	02953.png	 3	13	PM
157	02971.png	 3	14	PM
158	02989.png	 3	14	PM
159	03007.png	 3	15	PM
160	03025.png	 3	16	PM
161	03043.png	 3	17	PM
162	03061.png	 3	18	PM
163	03097.png	 	 	 
164	03115.png	 	 	 
165	03133.png	 	 	 
166	03169.png	 	 	 
167	03205.png	 	 	 
168	03223.png	 	 	 
169	03241.png	 3	26	PM
170	03259.png	 3	26	PM
171	03277.png	 3	27	PM
172	03295.png	 3	27	PM
173	03313.png	 3	28	PM
174	03331.png	 3	28	PM
175	03349.png	 3	29	PM
176	03367.png	 3	30	PM
177	03385.png	 3	31	PM
178	03421.png	 3	32	PM
179	03439.png	 3	33	PM
180	03457.png	 3	33	PM
181	03475.png	 3	34	PM
182	03493.png	 3	35	PM
183	03511.png	 	 	 
184	03529.png	 3	37	PM
185	03547.png	 3	37	PM
186	03565.png	 3	38	PM
187	03583.png	 3	38	PM
188	03601.png	 3	39	PM
189	03619.png	 3	40	PM
190	03637.png	 3	40	PM
191	03655.png	 3	41	PM
192	03673.png	 3	41	PM
193	03691.png	 3	42	PM
194	03709.png	 3	43	PM
195	03727.png	 3	43	PM
196	03745.png	 3	44	PM
197	03763.png	 3	44	PM
198	03781.png	 3	45	PM
199	03799.png	 3	45	PM
200	03817.png	 3	46	PM
201	03853.png	 3	47	PM
202	03871.png	 3	48	PM
203	03889.png	 3	49	PM
204	03907.png	 3	49	PM
205	03925.png	 3	51	PM
206	03943.png	 3	52	PM
207	03961.png	 3	52	PM
208	03979.png	 3	53	PM
209	03997.png	 3	54	PM
210	04015.png	 3	55	PM
211	04033.png	 3	55	PM
212	04051.png	 3	56	PM
213	04069.png	 3	57	PM
214	04087.png	 3	58	PM
215	04105.png	 3	59	PM
216	04123.png	 4	00	PM
217	04141.png	 4	00	PM
218	04159.png	 4	02	PM
219	04177.png	 4	03	PM
220	04195.png	 4	03	PM
221	04213.png	 4	04	PM
222	04231.png	 4	05	PM
223	04249.png	 4	06	PM
224	04267.png	 4	06	PM
225	04285.png	 4	07	PM
226	04303.png	 4	08	PM
227	04321.png	 4	08	PM
228	04339.png	 4	09	PM
229	04357.png	 4	09	PM
230	04375.png	 4	10	PM
231	04393.png	 4	10	PM
232	04411.png	 4	11	PM
233	04429.png	 4	12	PM
234	04447.png	 4	12	PM
235	04465.png	 4	13	PM
236	04483.png	 4	14	PM
237	04501.png	 4	15	PM
238	04519.png	 4	15	PM
239	04537.png	 	 	 
240	04555.png	 	 	 
241	04573.png	 4	17	PM
242	04591.png	 4	18	PM
243	04609.png	 4	19	PM
244	04627.png	 4	20	PM
245	04645.png	 4	21	PM
246	04663.png	 4	22	PM
247	04681.png	 4	22	PM
248	04699.png	 4	23	PM
249	04717.png	 4	23	PM
250	04735.png	 4	24	PM
251	04753.png	 4	24	PM
252	04771.png	 	 	 
253	04789.png	 4	25	PM
254	04807.png	 	 	 
255	04825.png	 4	27	PM
256	04843.png	 4	27	PM
257	04879.png	 	 	 
258	04897.png	 4	29	PM
259	04915.png	 	 	 
260	04933.png	 4	30	PM
261	04951.png	 4	31	PM
262	04969.png	 4	31	PM
263	04987.png	 4	32	PM
264	05005.png	 4	33	PM
265	05023.png	 4	34	PM
266	05041.png	 4	34	PM
267	05059.png	 4	35	PM
268	05077.png	 4	35	PM
269	05095.png	 	 	 
270	05131.png	 4	37	PM
271	05149.png	 4	37	PM
272	05167.png	 4	38	PM
273	05185.png	 4	39	PM
274	05203.png	 4	39	PM
275	05221.png	 4	40	PM
276	05239.png	 4	40	PM
277	05275.png	 4	41	PM
278	05293.png	 4	42	PM
279	05311.png	 4	42	PM
280	05329.png	 4	43	PM
281	05347.png	 4	43	PM
282	05365.png	 4	44	PM
283	05383.png	 	 	 
284	05401.png	 	 	 
285	05419.png	 4	46	PM
286	05437.png	 4	47	PM
287	05473.png	 	 	 
288	05491.png	 4	49	PM
289	05509.png	 	 	 
290	05545.png	 	 	 
291	05563.png	 	 	 
292	05581.png	 	 	 
293	05599.png	 4	52	PM
294	05617.png	 4	52	PM
295	05635.png	 4	53	PM
296	05653.png	 4	54	PM
297	05671.png	 	 	 
298	05707.png	 	 	 
299	05725.png	 4	56	PM
300	05743.png	 4	56	PM
301	05779.png	 4	57	PM
302	05797.png	 4	58	PM
303	05815.png	 	 	 
304	05833.png	 4	59	PM
305	05851.png	 4	59	PM
306	05869.png	 	 	 
307	05887.png	 5	00	PM
308	05923.png	 5	01	PM
309	05941.png	 5	02	PM
310	05959.png	 5	02	PM
311	05977.png	 5	03	PM
312	06013.png	 	 	 
313	06049.png	 5	03	PM
314	06085.png	 5	05	PM
315	06103.png	 5	06	PM
316	06121.png	 5	06	PM
317	06139.png	 5	07	PM
318	06175.png	 5	08	PM
319	06193.png	 5	08	PM
320	06211.png	 5	08	PM
321	06283.png	 5	10	PM
322	06301.png	 5	11	PM
323	06319.png	 5	11	PM
324	06337.png	 5	11	PM
325	06355.png	 	 	 
326	06373.png	 	 	 
327	06391.png	 	 	 
328	06409.png	 	 	 
329	06427.png	 	 	 
330	06445.png	 	 	 
331	06463.png	 	 	 
332	06481.png	 5	14	PM
333	06499.png	 	 	 
334	06517.png	 	 	 
335	06535.png	 	 	 
336	06571.png	 	 	 
337	06589.png	 	 	 
338	06607.png	 5	17	PM
339	06625.png	 5	17	PM
340	06643.png	 5	17	PM
341	06661.png	 5	18	PM
342	06679.png	 5	19	PM
343	06697.png	 5	21	PM
344	06715.png	 5	22	PM
345	06733.png	 5	23	PM
346	06751.png	 5	26	PM
347	06769.png	 5	28	PM
348	06787.png	 5	29	PM
349	06805.png	 5	30	PM
350	06823.png	 5	30	PM
351	06841.png	 5	31	PM
352	06859.png	 5	31	PM
353	06877.png	 	 	 
354	06895.png	 	 	 
355	06913.png	 5	33	PM
356	06931.png	 5	33	PM
357	06949.png	 5	34	PM
358	06967.png	 	 	 
359	06985.png	 5	35	PM
360	07003.png	 5	35	PM
361	07021.png	 5	35	PM
362	07039.png	 	 	 
363	07057.png	 5	36	PM
364	07075.png	 5	37	PM
365	07093.png	 	 	 
366	07111.png	 5	37	PM
367	07129.png	 5	38	PM
368	07147.png	 5	38	PM
369	07165.png	 	 	 
370	07183.png	 5	39	PM
371	07201.png	 	 	 
372	07219.png	 	 	 
373	07237.png	 5	40	PM
374	07255.png	 5	41	PM
375	07273.png	 5	41	PM
376	07291.png	 	 	 
377	07309.png	 5	42	PM
378	07327.png	 5	42	PM
379	07345.png	 5	43	PM
380	07363.png	 5	43	PM
381	07381.png	 5	44	PM
382	07399.png	 	 	 
383	07417.png	 5	45	PM
384	07435.png	 5	45	PM
385	07453.png	 5	45	PM
386	07489.png	 	 	 
387	07507.png	 5	46	PM
388	07525.png	 5	47	PM
389	07543.png	 5	47	PM
390	07561.png	 5	48	PM
391	07579.png	 5	48	PM
392	07597.png	 5	49	PM
393	07615.png	 	 	 
394	07633.png	 	 	 
395	07651.png	 5	50	PM
396	07669.png	 5	50	PM
397	07687.png	 5	51	PM
398	07705.png	 	 	 
399	07723.png	 5	52	PM
400	07741.png	 5	53	PM
401	07759.png	 5	53	PM
402	07777.png	 5	54	PM
403	07795.png	 	 	 
404	07813.png	 5	56	PM
405	07831.png	 5	58	PM
406	07849.png	 5	59	PM
407	07867.png	 6	00	PM
408	07885.png	 6	03	PM
409	07903.png	 6	08	PM
410	07921.png	 6	12	PM
411	07939.png	 6	12	PM
412	07957.png	 6	15	PM
413	07975.png	 6	16	PM
414	07993.png	 6	17	PM
415	08011.png	 6	19	PM
416	08029.png	 	 	 
417	08047.png	 6	20	PM
418	08065.png	 6	20	PM
419	08083.png	 6	21	PM
420	08101.png	 	 	 
421	08119.png	 6	22	PM
422	08137.png	 6	23	PM
423	08155.png	 6	23	PM
424	08173.png	 6	24	PM
425	08191.png	 	 	 
426	08209.png	 6	25	PM
427	08227.png	 	 	 
428	08245.png	 6	26	PM
429	08263.png	 	 	 
430	08281.png	 6	27	PM
431	08299.png	 6	28	PM
432	08317.png	 6	29	PM
433	08335.png	 6	29	PM
434	08389.png	 	 	 
435	08407.png	 6	31	PM
436	08425.png	 6	32	PM
437	08443.png	 6	32	PM
438	08461.png	 6	33	PM
439	08479.png	 6	34	PM
440	08497.png	 6	35	PM
441	08515.png	 	 	 
442	08533.png	 6	36	PM
443	08551.png	 6	37	PM
444	08569.png	 6	38	PM
445	08587.png	 6	38	PM
446	08605.png	 6	39	PM
447	08623.png	 6	40	PM
448	08641.png	 6	41	PM
449	08659.png	 6	41	PM
450	08677.png	 6	42	PM
451	08695.png	 6	43	PM
452	08713.png	 6	44	PM
453	08731.png	 6	45	PM
454	08749.png	 6	46	PM
455	08767.png	 6	46	PM
456	08785.png	 6	47	PM
457	08803.png	 6	47	PM
458	08821.png	 6	48	PM
459	08839.png	 6	49	PM
460	08857.png	 6	50	PM
461	08875.png	 6	51	PM
462	08893.png	 6	52	PM
463	08911.png	 6	52	PM
464	08929.png	 6	53	PM
465	08947.png	 	 	 
466	08965.png	 	 	 
467	08983.png	 6	55	PM
468	09001.png	 6	56	PM
469	09019.png	 6	57	PM
470	09037.png	 6	58	PM
471	09055.png	 6	59	PM
472	09073.png	 6	59	PM
473	09091.png	 7	00	PM
474	09109.png	 7	00	PM
475	09127.png	 7	01	PM
476	09145.png	 7	01	PM
477	09163.png	 7	02	PM
478	09181.png	 7	02	PM
479	09199.png	 	 	 
480	09217.png	 	 	 
481	09235.png	 7	04	PM
482	09253.png	 	 	 
483	09271.png	 	 	 
484	09289.png	 7	05	PM
485	09307.png	 7	06	PM
486	09325.png	 7	07	PM
487	09343.png	 7	07	PM
488	09361.png	 7	08	PM
489	09379.png	 7	08	PM
490	09397.png	 7	09	PM
491	09415.png	 7	09	PM
492	09433.png	 7	10	PM
493	09451.png	 	 	 
494	09469.png	 7	11	PM
495	09487.png	 7	12	PM
496	09505.png	 7	13	PM
497	09523.png	 7	14	PM
498	09541.png	 7	15	PM
499	09559.png	 7	15	PM
500	09577.png	 	 	 
501	09595.png	 7	18	PM
502	09613.png	 7	22	PM
503	09631.png	 7	26	PM
504	09649.png	 7	29	PM
505	09667.png	 7	29	PM
506	09685.png	 7	30	PM
507	09703.png	 7	31	PM
508	09721.png	 7	32	PM
509	09739.png	 7	33	PM
510	09757.png	 7	34	PM
511	09775.png	 7	35	PM
512	09793.png	 7	36	PM
513	09811.png	 7	37	PM
514	09829.png	 7	38	PM
515	09847.png	 7	39	PM
516	09865.png	 7	39	PM
517	09883.png	 7	41	PM
518	09937.png	 	 	 
519	09955.png	 7	45	PM
520	09973.png	 7	46	PM
521	09991.png	 7	47	PM
522	10009.png	 7	47	PM
523	10027.png	 7	48	PM
524	10045.png	 7	49	PM
525	10063.png	 7	50	PM
526	10081.png	 7	51	PM
527	10099.png	 7	52	PM
528	10117.png	 7	53	PM
529	10135.png	 7	54	PM
530	10153.png	 7	55	PM
531	10171.png	 7	56	PM
532	10189.png	 7	57	PM
533	10207.png	 7	58	PM
534	10225.png	 7	59	PM
535	10243.png	 8	00	PM
536	10261.png	 8	00	PM
537	10279.png	 8	02	PM
538	10297.png	 8	03	PM
539	10315.png	 8	03	PM
540	10333.png	 8	04	PM
541	10351.png	 8	05	PM
542	10369.png	 8	06	PM
543	10387.png	 8	06	PM
544	10405.png	 8	06	PM
545	10423.png	 8	07	PM
546	10441.png	 8	08	PM
547	10459.png	 8	08	PM
548	10477.png	 8	09	PM
549	10495.png	 8	09	PM
550	10513.png	 8	10	PM
551	10531.png	 8	10	PM
552	10549.png	 8	11	PM
553	10567.png	 8	11	PM
554	10585.png	 8	12	PM
555	10603.png	 8	13	PM
556	10621.png	 8	13	PM
557	10639.png	 8	14	PM
558	10657.png	 	 	 
559	10675.png	 8	16	PM
560	10693.png	 8	16	PM
561	10711.png	 8	17	PM
562	10729.png	 8	18	PM
563	10747.png	 8	18	PM
564	10765.png	 8	19	PM
565	10819.png	 8	20	PM
566	10837.png	 8	21	PM
567	10855.png	 8	21	PM
568	10873.png	 	 	 
569	10891.png	 8	22	PM
570	10909.png	 8	22	PM
571	10927.png	 8	23	PM
572	10945.png	 8	23	PM
573	10963.png	 8	24	PM
574	10981.png	 8	24	PM
575	10999.png	 	 	 
576	11017.png	 8	26	PM
577	11035.png	 8	26	PM
578	11071.png	 8	27	PM
579	11089.png	 	 	 
580	11107.png	 8	28	PM
581	11125.png	 8	29	PM
582	11143.png	 8	29	PM
583	11161.png	 8	30	PM
584	11179.png	 	 	 
585	11197.png	 8	31	PM
586	11215.png	 8	32	PM
587	11233.png	 8	32	PM
588	11251.png	 8	33	PM
589	11269.png	 8	33	PM
590	11287.png	 8	34	PM
591	11305.png	 8	35	PM
592	11323.png	 8	35	PM
593	11341.png	 8	35	PM
594	11359.png	 8	36	PM
595	11377.png	 8	36	PM
596	11395.png	 8	37	PM
597	11413.png	 8	38	PM
598	11431.png	 8	38	PM
599	11449.png	 8	39	PM
600	11467.png	 8	39	PM
601	11485.png	 8	40	PM
602	11503.png	 8	40	PM
603	11521.png	 8	41	PM
604	11539.png	 8	42	PM
605	11557.png	 8	43	PM
606	11575.png	 8	43	PM
607	11593.png	 8	44	PM
608	11611.png	 8	44	PM
609	11629.png	 8	45	PM
610	11647.png	 8	45	PM
611	11665.png	 	 	 
612	11683.png	 8	47	PM
613	11701.png	 8	47	PM
614	11719.png	 8	49	PM
615	11737.png	 8	49	PM
616	11755.png	 8	50	PM
617	11773.png	 8	51	PM
618	11791.png	 8	52	PM
619	11809.png	 8	53	PM
620	11827.png	 8	54	PM
621	11845.png	 8	55	PM
622	11863.png	 8	56	PM
623	11881.png	 8	57	PM
624	11899.png	 8	58	PM
625	11917.png	 8	59	PM
626	11935.png	 9	00	PM
627	11953.png	 9	01	PM
628	11971.png	 9	02	PM
629	11989.png	 9	02	PM
630	12007.png	 9	04	PM
631	12025.png	 9	04	PM
632	12043.png	 9	05	PM
633	12061.png	 9	06	PM
634	12079.png	 9	07	PM
635	12097.png	 9	08	PM
636	12115.png	 9	09	PM
637	12133.png	 9	10	PM
638	12151.png	 9	11	PM
639	12169.png	 9	12	PM
640	12187.png	 9	13	PM
641	12205.png	 9	14	PM
642	12223.png	 9	15	PM
643	12241.png	 9	16	PM
644	12259.png	 9	16	PM
645	12277.png	 9	17	PM
646	12295.png	 9	18	PM
647	12313.png	 9	19	PM
648	12331.png	 9	20	PM
649	12349.png	 9	21	PM
650	12367.png	 9	22	PM
651	12385.png	 9	23	PM
652	12403.png	 9	24	PM
653	12421.png	 9	25	PM
654	12439.png	 9	26	PM
655	12457.png	 9	27	PM
656	12475.png	 9	28	PM
657	12493.png	 9	29	PM
658	12511.png	 9	30	PM
659	12529.png	 9	30	PM
660	12547.png	 9	31	PM
661	12565.png	 9	32	PM
662	12583.png	 9	33	PM
663	12601.png	 9	34	PM
664	12619.png	 9	35	PM
665	12637.png	 9	36	PM
666	12655.png	 9	37	PM
667	12673.png	 9	38	PM
668	12691.png	 9	39	PM
669	12709.png	 9	40	PM
670	12727.png	 9	41	PM
671	12745.png	 9	42	PM
672	12763.png	 9	43	PM
673	12781.png	 9	44	PM
674	12799.png	 9	45	PM
675	12817.png	 9	46	PM
676	12835.png	 9	47	PM
677	12853.png	 9	48	PM
678	12871.png	 9	49	PM
679	12889.png	 9	49	PM
680	12907.png	 9	50	PM
681	12925.png	 9	51	PM
682	12943.png	 9	53	PM
683	12961.png	 9	53	PM
684	12979.png	 9	54	PM
685	12997.png	 9	55	PM
686	13015.png	 9	56	PM
687	13033.png	 9	57	PM
688	13051.png	 9	58	PM
689	13069.png	 9	59	PM
690	13087.png	 10	00	PM
691	13105.png	 10	01	PM
692	13123.png	 10	02	PM
693	13141.png	 10	03	PM
694	13159.png	 10	04	PM
695	13177.png	 10	05	PM
696	13195.png	 10	06	PM
697	13213.png	 10	07	PM
698	13231.png	 10	08	PM
699	13249.png	 10	09	PM
700	13267.png	 10	10	PM
701	13285.png	 10	10	PM
702	13303.png	 10	11	PM
703	13321.png	 10	13	PM
704	13339.png	 10	13	PM
705	13357.png	 10	14	PM
706	13375.png	 10	15	PM
707	13393.png	 10	16	PM
708	13411.png	 10	17	PM
709	13429.png	 10	18	PM
710	13447.png	 10	19	PM
711	13465.png	 10	20	PM
712	13483.png	 10	21	PM
713	13501.png	 10	22	PM
714	13519.png	 10	23	PM
715	13537.png	 10	24	PM
716	13555.png	 10	25	PM
717	13573.png	 10	25	PM
718	13591.png	 10	27	PM
719	13609.png	 10	28	PM
720	13627.png	 10	28	PM
721	13645.png	 10	29	PM
722	13663.png	 10	30	PM
723	13681.png	 10	31	PM
724	13699.png	 10	32	PM
725	13717.png	 10	33	PM
726	13735.png	 10	34	PM
727	13753.png	 10	35	PM
728	13771.png	 10	36	PM
729	13789.png	 10	37	PM
730	13807.png	 10	38	PM
731	13825.png	 10	39	PM
732	13843.png	 10	39	PM
733	13861.png	 10	40	PM
734	13879.png	 10	42	PM
735	13897.png	 10	42	PM
736	13915.png	 10	43	PM
737	13933.png	 10	44	PM
738	13951.png	 10	45	PM
739	13969.png	 10	46	PM
740	13987.png	 10	47	PM
741	14005.png	 10	48	PM
742	14023.png	 10	49	PM
743	14041.png	 10	50	PM
744	14059.png	 10	51	PM
745	14077.png	 10	52	PM
746	14095.png	 10	53	PM
747	14113.png	 10	53	PM
748	14131.png	 10	56	PM
749	14149.png	 11	00	PM
750	14167.png	 11	04	PM
751	14185.png	 11	08	PM
752	14203.png	 11	12	PM
753	14221.png	 11	16	PM
754	14239.png	 11	21	PM
755	14257.png	 11	25	PM
756	14275.png	 11	29	PM
757	14293.png	 11	33	PM
758	14311.png	 11	37	PM
759	14329.png	 11	41	PM
760	14347.png	 11	46	PM
761	14365.png	 11	50	PM
762	14383.png	 11	54	PM
763	14401.png	 11	58	PM
764	14419.png	 12	02	AM
765	14437.png	 12	06	AM
766	14455.png	 12	11	AM
767	14473.png	 12	15	AM
768	14491.png	 12	19	AM
769	14509.png	 12	23	AM
770	14527.png	 12	27	AM
771	14545.png	 12	31	AM
772	14563.png	 12	36	AM
773	14581.png	 12	40	AM
774	14599.png	 12	44	AM
775	14617.png	 12	48	AM
776	14635.png	 12	52	AM
777	14653.png	 12	56	AM
778	14671.png	 1	00	AM
779	14689.png	 1	05	AM
780	14707.png	 1	09	AM
781	14725.png	 1	13	AM
782	14743.png	 1	17	AM
783	14761.png	 1	21	AM
784	14779.png	 1	25	AM
785	14797.png	 1	30	AM
786	14815.png	 1	34	AM
787	14833.png	 1	38	AM
788	14851.png	 1	43	AM
789	14869.png	 1	47	AM
790	14887.png	 1	51	AM
791	14905.png	 1	55	AM
792	14923.png	 1	59	AM
793	14941.png	 2	03	AM
794	14959.png	 2	08	AM
795	14977.png	 2	12	AM
796	14995.png	 2	16	AM
797	15013.png	 2	20	AM
798	15031.png	 2	24	AM
799	15049.png	 2	28	AM
800	15067.png	 2	33	AM
801	15085.png	 2	37	AM
802	15103.png	 2	41	AM
803	15121.png	 2	46	AM
804	15139.png	 2	50	AM
805	15157.png	 2	54	AM
806	15175.png	 2	59	AM
807	15193.png	 3	03	AM
808	15211.png	 3	07	AM
809	15229.png	 3	11	AM
810	15247.png	 3	15	AM
811	15265.png	 3	19	AM
812	15283.png	 3	24	AM
813	15301.png	 3	28	AM
814	15319.png	 3	32	AM
815	15337.png	 3	37	AM
816	15355.png	 3	41	AM
817	15373.png	 3	46	AM
818	15391.png	 3	50	AM
819	15409.png	 3	54	AM
820	15427.png	 3	59	AM
821	15445.png	 4	03	AM
822	15463.png	 4	07	AM
823	15481.png	 4	12	AM
824	15499.png	 4	17	AM
825	15517.png	 4	21	AM
826	15535.png	 4	26	AM
827	15553.png	 4	30	AM
828	15571.png	 4	34	AM
829	15589.png	 4	39	AM
830	15607.png	 4	43	AM
831	15625.png	 4	47	AM
832	15643.png	 4	52	AM
833	15661.png	 4	56	AM
834	15679.png	 5	00	AM
835	15697.png	 5	04	AM
836	15715.png	 5	08	AM
837	15733.png	 5	12	AM
838	15751.png	 5	17	AM
839	15769.png	 5	21	AM
840	15787.png	 5	25	AM
841	15805.png	 5	30	AM
842	15823.png	 5	34	AM
843	15841.png	 5	38	AM
844	15859.png	 5	42	AM
845	15877.png	 5	46	AM
846	15895.png	 5	50	AM
847	15913.png	 5	55	AM
848	15931.png	 5	59	AM
849	15949.png	 6	03	AM
850	15967.png	 6	07	AM
851	15985.png	 6	11	AM
852	16003.png	 6	15	AM
853	16021.png	 6	20	AM
854	16039.png	 6	20	AM
855	16057.png	 6	21	AM
856	16075.png	 6	22	AM
857	16093.png	 6	24	AM
858	16111.png	 6	24	AM
859	16129.png	 6	25	AM
860	16147.png	 6	26	AM
861	16165.png	 6	27	AM
862	16183.png	 6	28	AM
863	16201.png	 6	29	AM
864	16219.png	 6	30	AM
865	16237.png	 6	31	AM
866	16255.png	 6	32	AM
867	16273.png	 6	33	AM
868	16291.png	 6	34	AM
869	16309.png	 6	35	AM
870	16327.png	 6	36	AM
871	16345.png	 6	37	AM
872	16363.png	 6	38	AM
873	16381.png	 6	38	AM
874	16399.png	 6	40	AM
875	16417.png	 6	41	AM
876	16435.png	 6	41	AM
877	16453.png	 6	42	AM
878	16471.png	 6	43	AM
879	16489.png	 6	44	AM
880	16507.png	 6	45	AM
881	16525.png	 6	46	AM
882	16543.png	 6	47	AM
883	16561.png	 6	48	AM
884	16579.png	 6	49	AM
885	16597.png	 6	50	AM
886	16615.png	 6	51	AM
887	16633.png	 6	52	AM
888	16651.png	 6	53	AM
889	16669.png	 6	54	AM
890	16687.png	 6	55	AM
891	16705.png	 6	56	AM
892	16723.png	 6	57	AM
893	16741.png	 6	57	AM
894	16759.png	 6	58	AM
895	16777.png	 7	00	AM
896	16795.png	 7	00	AM
897	16813.png	 7	01	AM
898	16831.png	 7	02	AM
899	16849.png	 7	03	AM
900	16867.png	 7	05	AM
901	16885.png	 7	05	AM
902	16903.png	 7	06	AM
903	16921.png	 7	07	AM
904	16939.png	 7	08	AM
905	16957.png	 7	09	AM
906	16975.png	 7	10	AM
907	16993.png	 7	11	AM
908	17011.png	 7	12	AM
909	17029.png	 7	13	AM
910	17047.png	 7	14	AM
911	17065.png	 7	15	AM
912	17083.png	 7	16	AM
913	17101.png	 7	17	AM
914	17119.png	 7	18	AM
915	17137.png	 7	19	AM
916	17155.png	 7	20	AM
917	17173.png	 7	21	AM
918	17191.png	 7	22	AM
919	17209.png	 7	22	AM
920	17227.png	 7	24	AM
921	17245.png	 7	25	AM
922	17263.png	 7	25	AM
923	17281.png	 7	26	AM
924	17299.png	 7	28	AM
925	17317.png	 7	28	AM
926	17335.png	 7	29	AM
927	17353.png	 7	30	AM
928	17371.png	 7	31	AM
929	17389.png	 7	32	AM
930	17407.png	 7	33	AM
931	17425.png	 7	34	AM
932	17443.png	 7	35	AM
933	17461.png	 7	36	AM
934	17479.png	 7	37	AM
935	17497.png	 7	38	AM
936	17515.png	 7	39	AM
937	17533.png	 7	40	AM
938	17551.png	 7	41	AM
939	17569.png	 7	41	AM
940	17587.png	 7	42	AM
941	17605.png	 7	43	AM
942	17623.png	 7	44	AM
943	17641.png	 7	44	AM
944	17659.png	 	 	 
945	17677.png	 	 	 
946	17695.png	 	 	 
947	17713.png	 7	46	AM
948	17731.png	 7	47	AM
949	17749.png	 7	47	AM
950	17767.png	 7	48	AM
951	17785.png	 7	48	AM
952	17803.png	 	 	 
953	17821.png	 7	50	AM
954	17839.png	 7	50	AM
955	17857.png	 7	51	AM
956	17875.png	 7	52	AM
957	17893.png	 7	52	AM
958	17911.png	 7	53	AM
959	17929.png	 7	54	AM
960	17947.png	 7	55	AM
961	17965.png	 7	55	AM
962	17983.png	 7	56	AM
963	18001.png	 7	57	AM
964	18019.png	 7	58	AM
965	18037.png	 7	58	AM
966	18055.png	 7	59	AM
967	18073.png	 8	00	AM
968	18091.png	 8	01	AM
969	18109.png	 8	01	AM
970	18127.png	 8	02	AM
971	18145.png	 8	03	AM
972	18163.png	 8	04	AM
973	18181.png	 8	04	AM
974	18199.png	 8	05	AM
975	18217.png	 8	06	AM
976	18235.png	 8	06	AM
977	18253.png	 	 	 
978	18271.png	 	 	 
979	18307.png	 	 	 
980	18325.png	 	 	 
981	18343.png	 	 	 
982	18379.png	 	 	 
983	18397.png	 8	12	AM
984	18415.png	 	 	 
985	18433.png	 	 	 
986	18451.png	 8	15	AM
987	18469.png	 8	15	AM
988	18541.png	 8	18	AM
989	18559.png	 8	19	AM
990	18577.png	 8	20	AM
991	18595.png	 8	20	AM
992	18613.png	 	 	 
993	18631.png	 8	21	AM
994	18649.png	 8	22	AM
995	18667.png	 	 	 
996	18685.png	 8	24	AM
997	18703.png	 8	24	AM
998	18721.png	 	 	 
999	18739.png	 	 	 
1000	18757.png	 8	26	AM
1001	18793.png	 8	28	AM
1002	18811.png	 8	29	AM
1003	18829.png	 8	29	AM
1004	18847.png	 8	30	AM
1005	18865.png	 8	30	AM
1006	18883.png	 8	31	AM
1007	18901.png	 8	31	AM
1008	18919.png	 8	32	AM
1009	18937.png	 8	32	AM
1010	18955.png	 8	33	AM
1011	18973.png	 8	33	AM
1012	18991.png	 8	33	AM
1013	19009.png	 	 	 
1014	19027.png	 8	34	AM
1015	19045.png	 8	35	AM
1016	19063.png	 8	35	AM
1017	19081.png	 8	36	AM
1018	19099.png	 8	36	AM
1019	19117.png	 	 	 
1020	19135.png	 	 	 
1021	19207.png	 8	40	AM
1022	19225.png	 8	41	AM
1023	19243.png	 8	41	AM
1024	19261.png	 8	42	AM
1025	19279.png	 8	42	AM
1026	19297.png	 8	43	AM
1027	19315.png	 8	43	AM
1028	19333.png	 8	44	AM
1029	19351.png	 8	44	AM
1030	19369.png	 8	45	AM
1031	19387.png	 8	45	AM
1032	19405.png	 8	46	AM
1033	19423.png	 8	46	AM
1034	19441.png	 8	47	AM
1035	19459.png	 8	48	AM
1036	19477.png	 	 	 
1037	19495.png	 8	49	AM
1038	19513.png	 8	50	AM
1039	19531.png	 8	50	AM
1040	19549.png	 	 	 
1041	19585.png	 8	52	AM
1042	19621.png	 8	53	AM
1043	19639.png	 	 	 
1044	19657.png	 8	54	AM
1045	19675.png	 8	55	AM
1046	19693.png	 8	55	AM
1047	19711.png	 	 	 
1048	19729.png	 8	57	AM
1049	19765.png	 8	57	AM
1050	19783.png	 8	58	AM
1051	19801.png	 	 	 
1052	19819.png	 	 	 
1053	19837.png	 9	00	AM
1054	19855.png	 9	00	AM
1055	19909.png	 	 	 
1056	19945.png	 9	03	AM
1057	19963.png	 	 	 
1058	19981.png	 	 	 
1059	19999.png	 9	04	AM
1060	20017.png	 	 	 
1061	20035.png	 9	05	AM
1062	20053.png	 9	06	AM
1063	20071.png	 9	06	AM
1064	20089.png	 9	07	AM
1065	20107.png	 9	07	AM
1066	20125.png	 9	07	AM
1067	20143.png	 9	08	AM
1068	20161.png	 9	08	AM
1069	20179.png	 9	09	AM
1070	20197.png	 9	09	AM
1071	20215.png	 9	10	AM
1072	20233.png	 	 	 
1073	20251.png	 9	11	AM
1074	20269.png	 9	11	AM
1075	20287.png	 9	12	AM
1076	20305.png	 	 	 
1077	20323.png	 9	13	AM
1078	20341.png	 9	13	AM
1079	20359.png	 9	14	AM
1080	20377.png	 	 	 
1081	20395.png	 9	15	AM
1082	20431.png	 9	16	AM
1083	20449.png	 9	17	AM
1084	20467.png	 9	17	AM
1085	20485.png	 9	18	AM
1086	20503.png	 9	19	AM
1087	20521.png	 9	20	AM
1088	20557.png	 9	22	AM
1089	20575.png	 9	23	AM
1090	20593.png	 9	24	AM
1091	20611.png	 9	25	AM
1092	20629.png	 9	26	AM
1093	20647.png	 9	27	AM
1094	20665.png	 9	27	AM
1095	20683.png	 9	28	AM
1096	20701.png	 9	29	AM
1097	20719.png	 	 	 
1098	20737.png	 9	31	AM
1099	20755.png	 9	32	AM
1100	20773.png	 9	33	AM
1101	20791.png	 9	33	AM
1102	20809.png	 9	34	AM
1103	20827.png	 9	35	AM
1104	20845.png	 9	36	AM
1105	20863.png	 9	37	AM
1106	20881.png	 9	38	AM
1107	20899.png	 9	39	AM
1108	20917.png	 9	40	AM
1109	20935.png	 9	41	AM
1110	20953.png	 	 	 
1111	20971.png	 9	43	AM
1112	20989.png	 9	44	AM
1113	21007.png	 9	45	AM
1114	21025.png	 9	45	AM
1115	21043.png	 9	47	AM
1116	21061.png	 9	48	AM
1117	21079.png	 9	48	AM
1118	21097.png	 9	49	AM
1119	21115.png	 9	50	AM
1120	21133.png	 9	51	AM
1121	21151.png	 9	52	AM
1122	21169.png	 9	53	AM
1123	21187.png	 9	54	AM
1124	21205.png	 9	54	AM
1125	21223.png	 9	55	AM
1126	21241.png	 9	56	AM
1127	21259.png	 9	57	AM
1128	21277.png	 9	58	AM
1129	21295.png	 9	58	AM
1130	21313.png	 	 	 
1131	21331.png	 10	00	AM
1132	21367.png	 	 	 
1133	21385.png	 10	02	AM
1134	21403.png	 10	02	AM
1135	21421.png	 10	03	AM
1136	21439.png	 10	03	AM
1137	21457.png	 10	04	AM
1138	21475.png	 	 	 
1139	21493.png	 10	05	AM
1140	21511.png	 10	06	AM
1141	21529.png	 10	06	AM
1142	21547.png	 10	07	AM
1143	21565.png	 10	08	AM
1144	21583.png	 10	09	AM
1145	21601.png	 10	09	AM
1146	21619.png	 10	09	AM
1147	21637.png	 10	10	AM
1148	21655.png	 	 	 
1149	21673.png	 10	12	AM
1150	21691.png	 10	12	AM
1151	21709.png	 10	13	AM
1152	21727.png	 10	14	AM
1153	21745.png	 10	15	AM
1154	21763.png	 10	16	AM
1155	21781.png	 10	16	AM
1156	21799.png	 10	17	AM
1157	21817.png	 10	18	AM
1158	21835.png	 10	19	AM
1159	21853.png	 10	19	AM
1160	21889.png	 10	21	AM
1161	21907.png	 10	21	AM
1162	21925.png	 10	22	AM
1163	21943.png	 	 	 
1164	21961.png	 	 	 
1165	21979.png	 10	24	AM
1166	21997.png	 10	25	AM
1167	22015.png	 10	26	AM
1168	22033.png	 10	27	AM
1169	22051.png	 10	28	AM
1170	22069.png	 10	28	AM
1171	22087.png	 10	29	AM
1172	22105.png	 10	29	AM
1173	22123.png	 10	30	AM
1174	22141.png	 10	31	AM
1175	22159.png	 	 	 
1176	22177.png	 	 	 
1177	22195.png	 10	33	AM
1178	22213.png	 10	33	AM
1179	22231.png	 10	34	AM
1180	22249.png	 10	34	AM
1181	22267.png	 10	35	AM
1182	22285.png	 10	36	AM
1183	22303.png	 10	36	AM
1184	22321.png	 	 	 
1185	22339.png	 	 	 
1186	22357.png	 10	37	AM
1187	22375.png	 10	37	AM
1188	22393.png	 	 	 
1189	22411.png	 	 	 
1190	22429.png	 	 	 
1191	22447.png	 10	40	AM
1192	22465.png	 10	40	AM
1193	22483.png	 	 	 
1194	22501.png	 10	41	AM
1195	22519.png	 10	42	AM
1196	22537.png	 10	42	AM
1197	22555.png	 10	43	AM
1198	22573.png	 10	43	AM
1199	22591.png	 10	44	AM
1200	22609.png	 10	45	AM
1201	22627.png	 10	45	AM
1202	22645.png	 10	46	AM
1203	22663.png	 10	46	AM
1204	22681.png	 10	47	AM
1205	22699.png	 10	47	AM
1206	22717.png	 	 	 
1207	22735.png	 10	48	AM
1208	22753.png	 10	50	AM
1209	22771.png	 10	50	AM
1210	22789.png	 10	51	AM
1211	22807.png	 10	51	AM
1212	22825.png	 10	52	AM
1213	22843.png	 10	53	AM
1214	22861.png	 10	54	AM
1215	22879.png	 10	54	AM
1216	22897.png	 10	56	AM
1217	22915.png	 10	57	AM
1218	22933.png	 10	57	AM
1219	22951.png	 10	58	AM
1220	22969.png	 	 	 
1221	22987.png	 11	00	AM
1222	23005.png	 11	00	AM
1223	23023.png	 11	01	AM
1224	23041.png	 11	02	AM
1225	23059.png	 11	03	AM
1226	23077.png	 11	04	AM
1227	23095.png	 11	05	AM
1228	23113.png	 11	06	AM
1229	23131.png	 11	07	AM
1230	23167.png	 11	08	AM
1231	23185.png	 11	09	AM
1232	23203.png	 11	10	AM
1233	23221.png	 11	11	AM
1234	23239.png	 11	12	AM
1235	23257.png	 11	13	AM
1236	23275.png	 11	13	AM
1237	23293.png	 11	14	AM
1238	23311.png	 11	15	AM
1239	23329.png	 11	16	AM
1240	23347.png	 11	16	AM
1241	23365.png	 11	17	AM
1242	23383.png	 11	17	AM
1243	23401.png	 11	18	AM
1244	23419.png	 11	19	AM
1245	23437.png	 11	19	AM
1246	23455.png	 	 	 
1247	23473.png	 11	21	AM
1248	23491.png	 11	22	AM
1249	23509.png	 11	22	AM
1250	23527.png	 11	23	AM
1251	23545.png	 11	24	AM
1252	23563.png	 11	25	AM
1253	23581.png	 11	26	AM
1254	23599.png	 11	27	AM
1255	23617.png	 11	28	AM
1256	23635.png	 11	29	AM
1257	23653.png	 11	30	AM
1258	23689.png	 	 	 
1259	23707.png	 11	32	AM
1260	23725.png	 11	32	AM
1261	23743.png	 11	33	AM
1262	23779.png	 	 	 
1263	23797.png	 	 	 
1264	23815.png	 11	36	AM
1265	23833.png	 11	37	AM
1266	23851.png	 11	38	AM
1267	23869.png	 11	39	AM
1268	23887.png	 11	39	AM
1269	23905.png	 11	40	AM
1270	23923.png	 11	41	AM
1271	23941.png	 11	41	AM
1272	23959.png	 11	42	AM
1273	23977.png	 11	42	AM
1274	23995.png	 11	43	AM
1275	24013.png	 11	44	AM
1276	24031.png	 11	45	AM
1277	24049.png	 11	46	AM
1278	24067.png	 11	46	AM
1279	24085.png	 11	47	AM
1280	24103.png	 11	48	AM
1281	24121.png	 11	48	AM
1282	24139.png	 11	49	AM
1283	24157.png	 11	50	AM
1284	24175.png	 11	51	AM
1285	24193.png	 11	52	AM
1286	24211.png	 11	52	AM
1287	24229.png	 11	53	AM
1288	24247.png	 11	54	AM
1289	24265.png	 11	55	AM
1290	24283.png	 11	56	AM
1291	24301.png	 11	57	AM
1292	24319.png	 	 	 
1293	24337.png	 11	58	AM
1294	24355.png	 11	59	AM
1295	24373.png	 12	00	PM
1296	24391.png	 12	01	PM
1297	24409.png	 12	01	PM
1298	24427.png	 12	02	PM
1299	24445.png	 12	03	PM
1300	24463.png	 12	04	PM
1301	24481.png	 12	04	PM
1302	24499.png	 12	05	PM
1303	24517.png	 12	06	PM
1304	24535.png	 12	06	PM
1305	24553.png	 12	07	PM
1306	24571.png	 12	08	PM
1307	24589.png	 12	09	PM
1308	24607.png	 12	09	PM
1309	24625.png	 12	10	PM
1310	24643.png	 12	11	PM
1311	24661.png	 12	11	PM
1312	24679.png	 12	12	PM
1313	24697.png	 12	13	PM
1314	24715.png	 	 	 
1315	24733.png	 12	15	PM
1316	24751.png	 2	15	PM
1317	24769.png	 	 	 
1318	24787.png	 	 	 
1319	24805.png	 12	18	PM
1320	24823.png	 12	18	PM
1321	24841.png	 12	19	PM
1322	24859.png	 	 	 
1323	24877.png	 	 	 
1324	24895.png	 12	22	PM
1325	24931.png	 12	23	PM
1326	24949.png	 12	24	PM
1327	24967.png	 12	25	PM
1328	24985.png	 12	26	PM
1329	25003.png	 12	27	PM
1330	25021.png	 12	27	PM
1331	25039.png	 12	28	PM
1332	25075.png	 12	30	PM
1333	25093.png	 12	30	PM
1334	25111.png	 12	31	PM
1335	25129.png	 12	32	PM
1336	25147.png	 12	32	PM
1337	25165.png	 12	33	PM
1338	25183.png	 12	34	PM
1339	25201.png	 12	35	PM
1340	25219.png	 12	36	PM
1341	25237.png	 12	37	PM
1342	25273.png	 12	38	PM
1343	25291.png	 12	39	PM
1344	25309.png	 12	40	PM
1345	25327.png	 12	40	PM
1346	25345.png	 	 	 
1347	25363.png	 	 	 
1348	25381.png	 12	42	PM
1349	25399.png	 	 	 
1350	25417.png	 12	44	PM
1351	25435.png	 12	45	PM
1352	25453.png	 12	45	PM
1353	25471.png	 12	46	PM
1354	25489.png	 12	47	PM
1355	25507.png	 12	48	PM
1356	25525.png	 12	49	PM
1357	25543.png	 12	50	PM
1358	25561.png	 12	51	PM
1359	25579.png	 12	52	PM
1360	25597.png	 12	52	PM
1361	25615.png	 	 	 
1362	25633.png	 12	53	PM
1363	25651.png	 12	54	PM
1364	25669.png	 12	55	PM
1365	25687.png	 12	56	PM
1366	25705.png	 12	56	PM
1367	25723.png	 12	57	PM
1368	25741.png	 12	58	PM
1369	25759.png	 12	59	PM
1370	25777.png	 12	59	PM
1371	25795.png	 	 	 
1372	25813.png	 1	01	PM
1373	25831.png	 1	01	PM
1374	25849.png	 1	02	PM
1375	25867.png	 1	02	PM
1376	25885.png	 1	03	PM
1377	25903.png	 1	04	PM
1378	25921.png	 1	04	PM
1379	25957.png	 1	05	PM
1380	25975.png	 1	06	PM
1381	25993.png	 	 	 
1382	26011.png	 1	08	PM
1383	26029.png	 1	09	PM
1384	26047.png	 	 	 
1385	26065.png	 1	11	PM
1386	26083.png	 1	12	PM
1387	26101.png	 1	12	PM
1388	26119.png	 1	13	PM
1389	26137.png	 1	14	PM
1390	26155.png	 1	15	PM
1391	26173.png	 	 	 
1392	26191.png	 1	16	PM
1393	26209.png	 1	17	PM
1394	26227.png	 1	18	PM
1395	26263.png	 1	20	PM
1396	26281.png	 1	20	PM
1397	26299.png	 1	21	PM
1398	26317.png	 1	22	PM
1399	26335.png	 1	23	PM
1400	26353.png	 1	23	PM
1401	26371.png	 1	24	PM
1402	26389.png	 1	25	PM
1403	26407.png	 1	26	PM
1404	26425.png	 	 	 
1405	26443.png	 1	27	PM
1406	26461.png	 1	28	PM
1407	26479.png	 1	29	PM
1408	26497.png	 1	29	PM
1409	26515.png	 1	30	PM
